{
  "rmse": 0.9005250313291261,
  "mae": 0.6911338567733765
}