{
  "rmse": 5.130328130210856,
  "mae": 4.027237892150879
}