{
  "rmse": 3.9391137101242792,
  "mae": 3.1010961532592773
}