{
  "rmse_treino": 0.7827318076270166,
  "melhor_rmse_validacao": 0.8776382917146801,
  "epocas_executadas": 11
}