{
  "rmse": 1.9712885883935078,
  "mae": 1.483783483505249
}