{
  "rmse": 0.900463804634861,
  "mae": 0.6910982131958008
}