{
  "rmse_treino": 0.7827486932706841,
  "melhor_rmse_validacao": 0.8776159515033171,
  "epocas_executadas": 11
}