{
  "rede_neural": {
    "RMSE": 0.900463804634861,
    "MAE": 0.6910982131958008,
    "Precision@10": 0.007056798623063684,
    "Recall@10": 0.00827813061763128,
    "NDCG@10": 0.025432339127137618,
    "Coverage": 0.0024681201151789387
  },
  "GlobalMean": {
    "RMSE": 1.0545808526267049,
    "MAE": 0.8274715542793274
  },
  "UserItemBias": {
    "RMSE": 0.899596188606357,
    "MAE": 0.6956741809844971,
    "Precision@10": 0.030292598967297767,
    "Recall@10": 0.035558252642452944,
    "NDCG@10": 0.11959815990647268,
    "Coverage": 0.005141916906622789
  },
  "SVD (sklearn)": {
    "RMSE": 1.0282052492865126,
    "MAE": 0.8039975762367249,
    "Precision@10": 0.04870912220309811,
    "Recall@10": 0.056483004751647914,
    "NDCG@10": 0.16998579412250625,
    "Coverage": 0.052756067461949815
  },
  "NMF (sklearn)": {
    "RMSE": 3.0309770598869656,
    "MAE": 2.8371119499206543,
    "Precision@10": 0.04905335628227195,
    "Recall@10": 0.06911089300294126,
    "NDCG@10": 0.16159535730953423,
    "Coverage": 0.053475935828877004
  },
  "ItemKNN (sklearn)": {
    "RMSE": 1.0031721347656217,
    "MAE": 0.7713356018066406,
    "Precision@10": 0.00034423407917383823,
    "Recall@10": 7.32696375950507e-05,
    "NDCG@10": 0.0021718752274404733,
    "Coverage": 0.020567667626491155
  },
  "GBRT (sklearn)": {
    "RMSE": 0.9378831080620456,
    "MAE": 0.7133865356445312,
    "Precision@10": 0.00034423407917383823,
    "Recall@10": 6.38346163303134e-05,
    "NDCG@10": 0.0034423407917383822,
    "Coverage": 0.022110242698477993
  }
}